<?xml version="1.0" encoding="utf-8"?>
<DoxySettings xmlns:xsi="http://www.w3.org/2001/XMLSchema-instance" xmlns:xsd="http://www.w3.org/2001/XMLSchema">
  <SettingsFile>C:\Users\Nelson\Documents\GitHub\washer\Printf&amp;ProtoThread&amp;Display&amp;BLE\TRABALHO_FINAL_EMBARCADOS\doxySettings.xml</SettingsFile>
  <ProjectName>TRABALHO_FINAL_EMBARCADOS</ProjectName>
  <DoxyExePath>C:\Program Files\doxygen\bin\doxygen.exe</DoxyExePath>
  <UseDefaultSettings>true</UseDefaultSettings>
  <GenerateAsPartOfBuild>false</GenerateAsPartOfBuild>
  <ConfigFilePath>C:\Users\Nelson\Documents\GitHub\washer\Printf&amp;ProtoThread&amp;Display&amp;BLE\TRABALHO_FINAL_EMBARCADOS\doxyfile</ConfigFilePath>
  <OutputDirPath>C:\Users\Nelson\Desktop</OutputDirPath>
  <ShowErrorsAndWarnings>false</ShowErrorsAndWarnings>
</DoxySettings>